game_date,home_team,away_team,game_id,season_type
2025-10-21,LAL,GSW,0022500002,regular
2025-10-21,OKC,HOU,0022500001,regular
2025-10-22,ATL,TOR,0022500082,regular
2025-10-22,BOS,PHI,0022500083,regular
2025-10-22,CHA,BKN,0022500080,regular
2025-10-22,CHI,DET,0022500084,regular
2025-10-22,DAL,SAS,0022500004,regular
2025-10-22,MEM,NOP,0022500085,regular
2025-10-22,MIL,WAS,0022500086,regular
2025-10-22,NYK,CLE,0022500003,regular
2025-10-22,ORL,MIA,0022500081,regular
2025-10-22,PHX,SAC,0022500088,regular
2025-10-22,POR,MIN,0022500089,regular
2025-10-22,UTA,LAC,0022500087,regular
2025-10-23,GSW,DEN,0022500006,regular
2025-10-23,IND,OKC,0022500005,regular
2025-10-24,BKN,CLE,0022500091,regular
2025-10-24,DAL,WAS,0022500096,regular
2025-10-24,HOU,DET,0022500093,regular
2025-10-24,LAC,PHX,0022500099,regular
2025-10-24,LAL,MIN,0022500019,regular
2025-10-24,MEM,MIA,0022500094,regular
2025-10-24,NOP,SAS,0022500095,regular
2025-10-24,NYK,BOS,0022500018,regular
2025-10-24,ORL,ATL,0022500090,regular
2025-10-24,POR,GSW,0022500097,regular
2025-10-24,SAC,UTA,0022500098,regular
2025-10-24,TOR,MIL,0022500092,regular
2025-10-25,ATL,OKC,0022500101,regular
2025-10-25,DEN,PHX,0022500104,regular
2025-10-25,MEM,IND,0022500103,regular
2025-10-25,ORL,CHI,0022500100,regular
2025-10-25,PHI,CHA,0022500102,regular
2025-10-26,CLE,MIL,0022500107,regular
2025-10-26,DAL,TOR,0022500111,regular
2025-10-26,DET,BOS,0022500106,regular
2025-10-26,LAC,POR,0022500112,regular
2025-10-26,MIA,NYK,0022500108,regular
2025-10-26,MIN,IND,0022500110,regular
2025-10-26,SAC,LAL,0022500113,regular
2025-10-26,SAS,BKN,0022500105,regular
2025-10-26,WAS,CHA,0022500109,regular
2025-10-27,CHI,ATL,0022500115,regular
2025-10-27,DAL,OKC,0022500119,regular
2025-10-27,DET,CLE,0022500007,regular
2025-10-27,GSW,MEM,0022500121,regular
2025-10-27,HOU,BKN,0022500116,regular
2025-10-27,LAL,POR,0022500122,regular
2025-10-27,MIN,DEN,0022500008,regular
2025-10-27,NOP,BOS,0022500117,regular
2025-10-27,PHI,ORL,0022500114,regular
2025-10-27,SAS,TOR,0022500118,regular
2025-10-27,UTA,PHX,0022500120,regular
2025-10-28,GSW,LAC,0022500127,regular
2025-10-28,MIA,CHA,0022500124,regular
2025-10-28,MIL,NYK,0022500125,regular
2025-10-28,OKC,SAC,0022500126,regular
2025-10-28,WAS,PHI,0022500123,regular
2025-10-29,BKN,ATL,0022500130,regular
2025-10-29,BOS,CLE,0022500128,regular
2025-10-29,CHI,SAC,0022500132,regular
2025-10-29,DAL,IND,0022500133,regular
2025-10-29,DEN,NOP,0022500134,regular
2025-10-29,DET,ORL,0022500129,regular
2025-10-29,MIN,LAL,0022500136,regular
2025-10-29,PHX,MEM,0022500137,regular
2025-10-29,TOR,HOU,0022500131,regular
2025-10-29,UTA,POR,0022500135,regular
2025-10-30,CHA,ORL,0022500138,regular
2025-10-30,MIL,GSW,0022500139,regular
2025-10-30,OKC,WAS,0022500140,regular
2025-10-30,SAS,MIA,0022500141,regular
2025-10-31,CHI,NYK,0022500023,regular
2025-10-31,CLE,TOR,0022500022,regular
2025-10-31,IND,ATL,0022500020,regular
2025-10-31,LAC,NOP,0022500027,regular
2025-10-31,MEM,LAL,0022500024,regular
2025-10-31,PHI,BOS,0022500021,regular
2025-10-31,PHX,UTA,0022500025,regular
2025-10-31,POR,DEN,0022500026,regular
2025-11-01,BOS,HOU,0022500146,regular
2025-11-01,CHA,MIN,0022500143,regular
2025-11-01,DET,DAL,0022500147,regular
2025-11-01,IND,GSW,0022500144,regular
2025-11-01,MIL,SAC,0022500142,regular
2025-11-01,WAS,ORL,0022500145,regular
2025-11-02,BKN,PHI,0022500149,regular
2025-11-02,CHA,UTA,0022500150,regular
2025-11-02,CLE,ATL,0022500151,regular
2025-11-02,LAL,MIA,0022500155,regular
2025-11-02,NYK,CHI,0022500153,regular
2025-11-02,OKC,NOP,0022500148,regular
2025-11-02,PHX,SAS,0022500154,regular
2025-11-02,TOR,MEM,0022500152,regular
2025-11-03,BKN,MIN,0022500156,regular
2025-11-03,BOS,UTA,0022500158,regular
2025-11-03,DEN,SAC,0022500162,regular
2025-11-03,HOU,DAL,0022500160,regular
2025-11-03,IND,MIL,0022500157,regular
2025-11-03,LAC,MIA,0022500164,regular
2025-11-03,MEM,DET,0022500161,regular
2025-11-03,NYK,WAS,0022500159,regular
2025-11-03,POR,LAL,0022500163,regular
2025-11-04,ATL,ORL,0022500166,regular
2025-11-04,CHI,PHI,0022500167,regular
2025-11-04,GSW,PHX,0022500169,regular
2025-11-04,LAC,OKC,0022500170,regular
2025-11-04,NOP,CHA,0022500168,regular
2025-11-04,TOR,MIL,0022500165,regular
2025-11-05,BOS,WAS,0022500174,regular
2025-11-05,CLE,PHI,0022500171,regular
2025-11-05,DAL,NOP,0022500177,regular
2025-11-05,DEN,MIA,0022500178,regular
2025-11-05,DET,UTA,0022500172,regular
2025-11-05,IND,BKN,0022500173,regular
2025-11-05,LAL,SAS,0022500179,regular
2025-11-05,MEM,HOU,0022500176,regular
2025-11-05,NYK,MIN,0022500175,regular
2025-11-05,POR,OKC,0022500180,regular
2025-11-05,SAC,GSW,0022500181,regular
2025-11-06,PHX,LAC,0022500182,regular
2025-11-07,ATL,TOR,0022500030,regular
2025-11-07,BKN,DET,0022500031,regular
2025-11-07,DEN,GSW,0022500037,regular
2025-11-07,MEM,DAL,0022500034,regular
2025-11-07,MIA,CHA,0022500033,regular
2025-11-07,MIL,CHI,0022500035,regular
2025-11-07,MIN,UTA,0022500036,regular
2025-11-07,ORL,BOS,0022500028,regular
2025-11-07,SAC,OKC,0022500038,regular
2025-11-07,SAS,HOU,0022500032,regular
2025-11-07,WAS,CLE,0022500029,regular
2025-11-08,ATL,LAL,0022500185,regular
2025-11-08,CLE,CHI,0022500186,regular
2025-11-08,DEN,IND,0022500189,regular
2025-11-08,LAC,PHX,0022500190,regular
2025-11-08,MIA,POR,0022500187,regular
2025-11-08,PHI,TOR,0022500184,regular
2025-11-08,SAS,NOP,0022500188,regular
2025-11-08,WAS,DAL,0022500183,regular
2025-11-09,GSW,IND,0022500196,regular
2025-11-09,MEM,OKC,0022500194,regular
2025-11-09,MIL,HOU,0022500191,regular
2025-11-09,NYK,BKN,0022500192,regular
2025-11-09,ORL,BOS,0022500193,regular
2025-11-09,PHI,DET,0022500195,regular
2025-11-09,SAC,MIN,0022500197,regular
2025-11-10,CHA,LAL,0022500198,regular
2025-11-10,CHI,SAS,0022500202,regular
2025-11-10,DAL,MIL,0022500203,regular
2025-11-10,DET,WAS,0022500199,regular
2025-11-10,LAC,ATL,0022500206,regular
2025-11-10,MIA,CLE,0022500201,regular
2025-11-10,ORL,POR,0022500200,regular
2025-11-10,PHX,NOP,0022500204,regular
2025-11-10,UTA,MIN,0022500205,regular
2025-11-11,BKN,TOR,0022500207,regular
2025-11-11,NYK,MEM,0022500208,regular
2025-11-11,OKC,GSW,0022500210,regular
2025-11-11,PHI,BOS,0022500209,regular
2025-11-11,SAC,DEN,0022500212,regular
2025-11-11,UTA,IND,0022500211,regular
2025-11-12,BOS,MEM,0022500216,regular
2025-11-12,CHA,MIL,0022500213,regular
2025-11-12,DAL,PHX,0022500221,regular
2025-11-12,DET,CHI,0022500214,regular
2025-11-12,HOU,WAS,0022500218,regular
2025-11-12,LAC,DEN,0022500224,regular
2025-11-12,MIA,CLE,0022500217,regular
2025-11-12,NOP,POR,0022500219,regular
2025-11-12,NYK,ORL,0022500215,regular
2025-11-12,OKC,LAL,0022500222,regular
2025-11-12,SAC,ATL,0022500223,regular
2025-11-12,SAS,GSW,0022500220,regular
2025-11-13,CLE,TOR,0022500225,regular
2025-11-13,PHX,IND,0022500226,regular
2025-11-13,UTA,ATL,0022500227,regular
2025-11-14,DAL,LAC,0022500046,regular
2025-11-14,DET,PHI,0022500041,regular
2025-11-14,HOU,POR,0022500042,regular
2025-11-14,MIL,CHA,0022500043,regular
2025-11-14,MIN,SAC,0022500044,regular
2025-11-14,NOP,LAL,0022500045,regular
2025-11-14,NYK,MIA,0022500039,regular
2025-11-14,ORL,BKN,0022500040,regular
2025-11-14,SAS,GSW,0022500047,regular
2025-11-15,CHA,OKC,0022500229,regular
2025-11-15,CLE,MEM,0022500228,regular
2025-11-15,IND,TOR,0022500230,regular
2025-11-15,MIL,LAL,0022500231,regular
2025-11-15,MIN,DEN,0022500232,regular
2025-11-16,BOS,LAC,0022500233,regular
2025-11-16,DAL,POR,0022500238,regular
2025-11-16,HOU,ORL,0022500236,regular
2025-11-16,NOP,GSW,0022500237,regular
2025-11-16,PHX,ATL,0022500239,regular
2025-11-16,SAS,SAC,0022500234,regular
2025-11-16,UTA,CHI,0022500240,regular
2025-11-16,WAS,BKN,0022500235,regular
2025-11-17,CLE,MIL,0022500241,regular
2025-11-17,DEN,CHI,0022500248,regular
2025-11-17,DET,IND,0022500242,regular
2025-11-17,MIA,NYK,0022500244,regular
2025-11-17,MIN,DAL,0022500246,regular
2025-11-17,NOP,OKC,0022500247,regular
2025-11-17,PHI,LAC,0022500243,regular
2025-11-17,TOR,CHA,0022500245,regular
2025-11-18,ATL,DET,0022500251,regular
2025-11-18,BKN,BOS,0022500250,regular
2025-11-18,LAL,UTA,0022500253,regular
2025-11-18,ORL,GSW,0022500249,regular
2025-11-18,POR,PHX,0022500254,regular
2025-11-18,SAS,MEM,0022500252,regular
2025-11-19,CLE,HOU,0022500255,regular
2025-11-19,DAL,NYK,0022500262,regular
2025-11-19,IND,CHA,0022500256,regular
2025-11-19,MIA,GSW,0022500257,regular
2025-11-19,MIN,WAS,0022500259,regular
2025-11-19,NOP,DEN,0022500260,regular
2025-11-19,OKC,SAC,0022500261,regular
2025-11-19,PHI,TOR,0022500258,regular
2025-11-19,POR,CHI,0022500263,regular
2025-11-20,MEM,SAC,0022500265,regular
2025-11-20,MIL,PHI,0022500266,regular
2025-11-20,ORL,LAC,0022500264,regular
2025-11-20,SAS,ATL,0022500267,regular
2025-11-21,BOS,BKN,0022500049,regular
2025-11-21,CHI,MIA,0022500051,regular
2025-11-21,CLE,IND,0022500048,regular
2025-11-21,DAL,NOP,0022500052,regular
2025-11-21,GSW,POR,0022500056,regular
2025-11-21,HOU,DEN,0022500054,regular
2025-11-21,PHX,MIN,0022500053,regular
2025-11-21,TOR,WAS,0022500050,regular
2025-11-21,UTA,OKC,0022500055,regular
2025-11-22,CHA,LAC,0022500268,regular
2025-11-22,CHI,WAS,0022500271,regular
2025-11-22,DAL,MEM,0022500273,regular
2025-11-22,DEN,SAC,0022500274,regular
2025-11-22,MIL,DET,0022500272,regular
2025-11-22,NOP,ATL,0022500270,regular
2025-11-22,ORL,NYK,0022500269,regular
2025-11-23,ATL,CHA,0022500276,regular
2025-11-23,BOS,ORL,0022500277,regular
2025-11-23,CLE,LAC,0022500278,regular
2025-11-23,OKC,POR,0022500280,regular
2025-11-23,PHI,MIA,0022500275,regular
2025-11-23,PHX,SAS,0022500281,regular
2025-11-23,TOR,BKN,0022500279,regular
2025-11-23,UTA,LAL,0022500282,regular
2025-11-24,BKN,NYK,0022500285,regular
2025-11-24,GSW,UTA,0022500291,regular
2025-11-24,IND,DET,0022500283,regular
2025-11-24,MEM,DEN,0022500287,regular
2025-11-24,MIA,DAL,0022500286,regular
2025-11-24,MIL,POR,0022500288,regular
2025-11-24,NOP,CHI,0022500289,regular
2025-11-24,PHX,HOU,0022500290,regular
2025-11-24,SAC,MIN,0022500292,regular
2025-11-24,TOR,CLE,0022500284,regular
2025-11-25,LAL,LAC,0022500059,regular
2025-11-25,PHI,ORL,0022500058,regular
2025-11-25,WAS,ATL,0022500057,regular
2025-11-26,BOS,DET,0022500060,regular
2025-11-26,CHA,NYK,0022500061,regular
2025-11-26,GSW,HOU,0022500066,regular
2025-11-26,MIA,MIL,0022500062,regular
2025-11-26,NOP,MEM,0022500065,regular
2025-11-26,OKC,MIN,0022500064,regular
2025-11-26,POR,SAS,0022500067,regular
2025-11-26,SAC,PHX,0022500068,regular
2025-11-26,TOR,IND,0022500063,regular
2025-11-28,ATL,CLE,0022500069,regular
2025-11-28,BKN,PHI,0022500070,regular
2025-11-28,CHA,CHI,0022500071,regular
2025-11-28,DEN,SAS,0022500076,regular
2025-11-28,DET,ORL,0022500072,regular
2025-11-28,IND,WAS,0022500073,regular
2025-11-28,LAC,MEM,0022500079,regular
2025-11-28,LAL,DAL,0022500078,regular
2025-11-28,NYK,MIL,0022500074,regular
2025-11-28,OKC,PHX,0022500075,regular
2025-11-28,UTA,SAC,0022500077,regular
2025-11-29,CHA,TOR,0022500294,regular
2025-11-29,GSW,NOP,0022500298,regular
2025-11-29,IND,CHI,0022500295,regular
2025-11-29,LAC,DAL,0022500300,regular
2025-11-29,MIA,DET,0022500296,regular
2025-11-29,MIL,BKN,0022500297,regular
2025-11-29,MIN,BOS,0022500293,regular
2025-11-29,PHX,DEN,0022500299,regular
2025-11-30,CLE,BOS,0022500302,regular
2025-11-30,LAL,NOP,0022500308,regular
2025-11-30,MIN,SAS,0022500306,regular
2025-11-30,NYK,TOR,0022500303,regular
2025-11-30,PHI,ATL,0022500304,regular
2025-11-30,POR,OKC,0022500305,regular
2025-11-30,SAC,MEM,0022500307,regular
2025-11-30,UTA,HOU,0022500301,regular
2025-12-01,BKN,CHA,0022500312,regular
2025-12-01,DEN,DAL,0022500315,regular
2025-12-01,DET,ATL,0022500309,regular
2025-12-01,IND,CLE,0022500310,regular
2025-12-01,LAL,PHX,0022500317,regular
2025-12-01,MIA,LAC,0022500313,regular
2025-12-01,ORL,CHI,0022500314,regular
2025-12-01,UTA,HOU,0022500316,regular
2025-12-01,WAS,MIL,0022500311,regular
2025-12-02,BOS,NYK,0022500320,regular
2025-12-02,GSW,OKC,0022500323,regular
2025-12-02,NOP,MIN,0022500321,regular
2025-12-02,PHI,WAS,0022500318,regular
2025-12-02,SAS,MEM,0022500322,regular
2025-12-02,TOR,POR,0022500319,regular
2025-12-03,ATL,LAC,0022500327,regular
2025-12-03,CHI,BKN,0022500329,regular
2025-12-03,CLE,POR,0022500324,regular
2025-12-03,DAL,MIA,0022500332,regular
2025-12-03,HOU,SAC,0022500330,regular
2025-12-03,IND,DEN,0022500325,regular
2025-12-03,MIL,DET,0022500331,regular
2025-12-03,NYK,CHA,0022500328,regular
2025-12-03,ORL,SAS,0022500326,regular
2025-12-04,BKN,UTA,0022500335,regular
2025-12-04,NOP,MIN,0022500337,regular
2025-12-04,PHI,GSW,0022500333,regular
2025-12-04,TOR,LAL,0022500336,regular
2025-12-04,WAS,BOS,0022500334,regular
2025-12-05,ATL,DEN,0022500340,regular
2025-12-05,BOS,LAL,0022500338,regular
2025-12-05,CHI,IND,0022500345,regular
2025-12-05,CLE,SAS,0022500341,regular
2025-12-05,DET,POR,0022500342,regular
2025-12-05,HOU,PHX,0022500346,regular
2025-12-05,MEM,LAC,0022500347,regular
2025-12-05,MIL,PHI,0022500348,regular
2025-12-05,NYK,UTA,0022500343,regular
2025-12-05,OKC,DAL,0022500349,regular
2025-12-05,ORL,MIA,0022500339,regular
2025-12-05,TOR,CHA,0022500344,regular
2025-12-06,BKN,NOP,0022500350,regular
2025-12-06,CLE,GSW,0022500352,regular
2025-12-06,DAL,HOU,0022500356,regular
2025-12-06,DET,MIL,0022500353,regular
2025-12-06,MIA,SAC,0022500354,regular
2025-12-06,MIN,LAC,0022500355,regular
2025-12-06,WAS,ATL,0022500351,regular
2025-12-07,CHA,DEN,0022500359,regular
2025-12-07,CHI,GSW,0022500361,regular
2025-12-07,MEM,POR,0022500360,regular
2025-12-07,NYK,ORL,0022500357,regular
2025-12-07,PHI,LAL,0022500362,regular
2025-12-07,TOR,BOS,0022500358,regular
2025-12-07,UTA,OKC,0022500363,regular
2025-12-08,IND,SAC,0022500364,regular
2025-12-08,MIN,PHX,0022500365,regular
2025-12-08,NOP,SAS,0022500366,regular
2025-12-09,ORL,MIA,0022501201,regular
2025-12-09,TOR,NYK,0022501202,regular
2025-12-10,LAL,SAS,0022501204,regular
2025-12-10,OKC,PHX,0022501203,regular
2025-12-11,HOU,LAC,0022501205,regular
2025-12-11,MIL,BOS,0022501206,regular
2025-12-11,NOP,POR,0022501207,regular
2025-12-11,SAC,DEN,0022501208,regular
2025-12-12,CHA,CHI,0022501209,regular
2025-12-12,DAL,BKN,0022501214,regular
2025-12-12,DET,ATL,0022501210,regular
2025-12-12,GSW,MIN,0022501215,regular
2025-12-12,MEM,UTA,0022501213,regular
2025-12-12,PHI,IND,0022501211,regular
2025-12-12,WAS,CLE,0022501212,regular
2025-12-13,OKC,SAS,0022501230,regular
2025-12-13,ORL,NYK,0022501229,regular
2025-12-14,ATL,PHI,0022501217,regular
2025-12-14,BKN,MIL,0022501219,regular
2025-12-14,CHI,NOP,0022501223,regular
2025-12-14,CLE,CHA,0022501218,regular
2025-12-14,IND,WAS,0022501216,regular
2025-12-14,MIN,SAC,0022501220,regular
2025-12-14,PHX,LAL,0022501228,regular
2025-12-14,POR,GSW,0022501221,regular
2025-12-15,BOS,DET,0022501222,regular
2025-12-15,DEN,HOU,0022501225,regular
2025-12-15,LAC,MEM,0022501226,regular
2025-12-15,MIA,TOR,0022501227,regular
2025-12-15,UTA,DAL,0022501224,regular
2025-12-17,CHI,CLE,0022500367,regular
2025-12-17,MIN,MEM,0022500368,regular
2025-12-18,BKN,MIA,0022500373,regular
2025-12-18,CHA,ATL,0022500371,regular
2025-12-18,DAL,DET,0022500376,regular
2025-12-18,DEN,ORL,0022500377,regular
2025-12-18,IND,NYK,0022500372,regular
2025-12-18,MIL,TOR,0022500374,regular
2025-12-18,NOP,HOU,0022500375,regular
2025-12-18,OKC,LAC,0022500369,regular
2025-12-18,PHX,GSW,0022500378,regular
2025-12-18,POR,SAC,0022500380,regular
2025-12-18,SAS,WAS,0022500370,regular
2025-12-18,UTA,LAL,0022500379,regular
2025-12-19,ATL,SAS,0022500383,regular
2025-12-19,BOS,MIA,0022500381,regular
2025-12-19,CLE,CHI,0022500384,regular
2025-12-19,MIN,OKC,0022500385,regular
2025-12-19,NYK,PHI,0022500382,regular
2025-12-20,DEN,HOU,0022500386,regular
2025-12-20,DET,CHA,0022500390,regular
2025-12-20,GSW,PHX,0022500392,regular
2025-12-20,LAC,LAL,0022500395,regular
2025-12-20,MEM,WAS,0022500391,regular
2025-12-20,NOP,IND,0022500389,regular
2025-12-20,PHI,DAL,0022500387,regular
2025-12-20,SAC,POR,0022500394,regular
2025-12-20,TOR,BOS,0022500388,regular
2025-12-20,UTA,ORL,0022500393,regular
2025-12-21,ATL,CHI,0022500396,regular
2025-12-21,BKN,TOR,0022500397,regular
2025-12-21,MIN,MIL,0022500400,regular
2025-12-21,NYK,MIA,0022500398,regular
2025-12-21,SAC,HOU,0022500401,regular
2025-12-21,WAS,SAS,0022500399,regular
2025-12-22,BOS,IND,0022500403,regular
2025-12-22,CLE,CHA,0022500402,regular
2025-12-22,DEN,UTA,0022500405,regular
2025-12-22,GSW,ORL,0022500407,regular
2025-12-22,NOP,DAL,0022500404,regular
2025-12-22,OKC,MEM,0022500406,regular
2025-12-22,POR,DET,0022500408,regular
2025-12-23,ATL,CHI,0022500411,regular
2025-12-23,CHA,WAS,0022500409,regular
2025-12-23,CLE,NOP,0022500412,regular
2025-12-23,DAL,DEN,0022500415,regular
2025-12-23,IND,MIL,0022500413,regular
2025-12-23,LAC,HOU,0022500422,regular
2025-12-23,MIA,TOR,0022500414,regular
2025-12-23,MIN,NYK,0022500416,regular
2025-12-23,PHI,BKN,0022500410,regular
2025-12-23,PHX,LAL,0022500418,regular
2025-12-23,POR,ORL,0022500420,regular
2025-12-23,SAC,DET,0022500421,regular
2025-12-23,SAS,OKC,0022500417,regular
2025-12-23,UTA,MEM,0022500419,regular
2025-12-25,DEN,MIN,0022500013,regular
2025-12-25,GSW,DAL,0022500011,regular
2025-12-25,LAL,HOU,0022500012,regular
2025-12-25,NYK,CLE,0022500009,regular
2025-12-25,OKC,SAS,0022500010,regular
2025-12-26,ATL,MIA,0022500423,regular
2025-12-26,CHI,PHI,0022500427,regular
2025-12-26,IND,BOS,0022500426,regular
2025-12-26,MEM,MIL,0022500428,regular
2025-12-26,NOP,PHX,0022500429,regular
2025-12-26,ORL,CHA,0022500424,regular
2025-12-26,POR,LAC,0022500431,regular
2025-12-26,UTA,DET,0022500430,regular
2025-12-26,WAS,TOR,0022500425,regular
2025-12-27,ATL,NYK,0022500435,regular
2025-12-27,CHI,MIL,0022500437,regular
2025-12-27,HOU,CLE,0022500438,regular
2025-12-27,MIA,IND,0022500436,regular
2025-12-27,MIN,BKN,0022500439,regular
2025-12-27,NOP,PHX,0022500434,regular
2025-12-27,ORL,DEN,0022500433,regular
2025-12-27,SAC,DAL,0022500432,regular
2025-12-27,SAS,UTA,0022500440,regular
2025-12-28,LAC,DET,0022500445,regular
2025-12-28,LAL,SAC,0022500446,regular
2025-12-28,OKC,PHI,0022500442,regular
2025-12-28,POR,BOS,0022500444,regular
2025-12-28,TOR,GSW,0022500441,regular
2025-12-28,WAS,MEM,0022500443,regular
2025-12-29,BKN,GSW,0022500449,regular
2025-12-29,CHA,MIL,0022500447,regular
2025-12-29,CHI,MIN,0022500452,regular
2025-12-29,HOU,IND,0022500453,regular
2025-12-29,MIA,DEN,0022500450,regular
2025-12-29,NOP,NYK,0022500454,regular
2025-12-29,OKC,ATL,0022500455,regular
2025-12-29,POR,DAL,0022500457,regular
2025-12-29,SAS,CLE,0022500456,regular
2025-12-29,TOR,ORL,0022500451,regular
2025-12-29,WAS,PHX,0022500448,regular
2025-12-30,LAC,SAC,0022500461,regular
2025-12-30,LAL,DET,0022500460,regular
2025-12-30,MEM,PHI,0022500458,regular
2025-12-30,UTA,BOS,0022500459,regular
2025-12-31,ATL,MIN,0022500463,regular
2025-12-31,CHA,GSW,0022500462,regular
2025-12-31,CHI,NOP,0022500466,regular
2025-12-31,CLE,PHX,0022500465,regular
2025-12-31,IND,ORL,0022500464,regular
2025-12-31,MIL,WAS,0022500469,regular
2025-12-31,OKC,POR,0022500470,regular
2025-12-31,SAS,NYK,0022500467,regular
2025-12-31,TOR,DEN,0022500468,regular
2026-01-01,BKN,HOU,0022500471,regular
2026-01-01,DAL,PHI,0022500473,regular
2026-01-01,DET,MIA,0022500472,regular
2026-01-01,LAC,UTA,0022500475,regular
2026-01-01,SAC,BOS,0022500474,regular
2026-01-02,CHI,ORL,0022500480,regular
2026-01-02,CLE,DEN,0022500478,regular
2026-01-02,GSW,OKC,0022500484,regular
2026-01-02,IND,SAS,0022500476,regular
2026-01-02,LAL,MEM,0022500485,regular
2026-01-02,MIL,CHA,0022500481,regular
2026-01-02,NOP,POR,0022500482,regular
2026-01-02,NYK,ATL,0022500479,regular
2026-01-02,PHX,SAC,0022500483,regular
2026-01-02,WAS,BKN,0022500477,regular
2026-01-03,CHI,CHA,0022500489,regular
2026-01-03,DAL,HOU,0022500491,regular
2026-01-03,GSW,UTA,0022500492,regular
2026-01-03,LAC,BOS,0022500493,regular
2026-01-03,MIA,MIN,0022500486,regular
2026-01-03,NYK,PHI,0022500487,regular
2026-01-03,SAS,POR,0022500490,regular
2026-01-03,TOR,ATL,0022500488,regular
2026-01-04,BKN,DEN,0022500496,regular
2026-01-04,CLE,DET,0022500494,regular
2026-01-04,LAL,MEM,0022500501,regular
2026-01-04,MIA,NOP,0022500497,regular
2026-01-04,ORL,IND,0022500495,regular
2026-01-04,PHX,OKC,0022500499,regular
2026-01-04,SAC,MIL,0022500500,regular
2026-01-04,WAS,MIN,0022500498,regular
2026-01-05,BOS,CHI,0022500503,regular
2026-01-05,DET,NYK,0022500502,regular
2026-01-05,HOU,PHX,0022500505,regular
2026-01-05,LAC,GSW,0022500508,regular
2026-01-05,OKC,CHA,0022500506,regular
2026-01-05,PHI,DEN,0022500507,regular
2026-01-05,POR,UTA,0022500509,regular
2026-01-05,TOR,ATL,0022500504,regular
2026-01-06,IND,CLE,0022500510,regular
2026-01-06,MEM,SAS,0022500512,regular
2026-01-06,MIN,MIA,0022500513,regular
2026-01-06,NOP,LAL,0022500514,regular
2026-01-06,SAC,DAL,0022500515,regular
2026-01-06,WAS,ORL,0022500511,regular
2026-01-07,ATL,NOP,0022500519,regular
2026-01-07,BKN,ORL,0022500521,regular
2026-01-07,BOS,DEN,0022500520,regular
2026-01-07,CHA,TOR,0022500516,regular
2026-01-07,DET,CHI,0022500517,regular
2026-01-07,GSW,MIL,0022500526,regular
2026-01-07,MEM,PHX,0022500524,regular
2026-01-07,NYK,LAC,0022500522,regular
2026-01-07,OKC,UTA,0022500525,regular
2026-01-07,PHI,WAS,0022500518,regular
2026-01-07,POR,HOU,0022500527,regular
2026-01-07,SAS,LAL,0022500523,regular
2026-01-08,CHA,IND,0022500528,regular
2026-01-08,MIN,CLE,0022500530,regular
2026-01-08,UTA,DAL,0022500531,regular
2026-01-09,BKN,LAC,0022500535,regular
2026-01-09,BOS,TOR,0022500532,regular
2026-01-09,DEN,ATL,0022500537,regular
2026-01-09,GSW,SAC,0022500539,regular
2026-01-09,LAL,MIL,0022500541,regular
2026-01-09,MEM,OKC,0022500536,regular
2026-01-09,ORL,PHI,0022500533,regular
2026-01-09,PHX,NYK,0022500538,regular
2026-01-09,POR,HOU,0022500540,regular
2026-01-09,WAS,NOP,0022500534,regular
2026-01-10,BOS,SAS,0022500545,regular
2026-01-10,CHI,DAL,0022500546,regular
2026-01-10,CLE,MIN,0022500542,regular
2026-01-10,DET,LAC,0022500544,regular
2026-01-10,IND,MIA,0022500543,regular
2026-01-10,UTA,CHA,0022500547,regular
2026-01-11,DEN,MIL,0022500554,regular
2026-01-11,GSW,ATL,0022500556,regular
2026-01-11,MEM,BKN,0022500549,regular
2026-01-11,MIN,SAS,0022500552,regular
2026-01-11,OKC,MIA,0022500553,regular
2026-01-11,ORL,NOP,0022500548,regular
2026-01-11,PHX,WAS,0022500555,regular
2026-01-11,POR,NYK,0022500551,regular
2026-01-11,SAC,HOU,0022500557,regular
2026-01-11,TOR,PHI,0022500550,regular
2026-01-12,CLE,UTA,0022500558,regular
2026-01-12,DAL,BKN,0022500561,regular
2026-01-12,IND,BOS,0022500559,regular
2026-01-12,LAC,CHA,0022500563,regular
2026-01-12,SAC,LAL,0022500562,regular
2026-01-12,TOR,PHI,0022500560,regular
2026-01-13,GSW,POR,0022500570,regular
2026-01-13,HOU,CHI,0022500565,regular
2026-01-13,LAL,ATL,0022500569,regular
2026-01-13,MIA,PHX,0022500564,regular
2026-01-13,MIL,MIN,0022500566,regular
2026-01-13,NOP,DEN,0022500567,regular
2026-01-13,OKC,SAS,0022500568,regular
2026-01-14,CHI,UTA,0022500573,regular
2026-01-14,DAL,DEN,0022500575,regular
2026-01-14,IND,TOR,0022500571,regular
2026-01-14,LAC,WAS,0022500577,regular
2026-01-14,NOP,BKN,0022500574,regular
2026-01-14,PHI,CLE,0022500572,regular
2026-01-14,SAC,NYK,0022500576,regular
2026-01-15,DAL,UTA,0022500583,regular
2026-01-15,DET,PHX,0022500579,regular
2026-01-15,GSW,NYK,0022500584,regular
2026-01-15,HOU,OKC,0022500581,regular
2026-01-15,LAL,CHA,0022500586,regular
2026-01-15,MIA,BOS,0022500580,regular
2026-01-15,ORL,MEM,0022500578,regular
2026-01-15,POR,ATL,0022500585,regular
2026-01-15,SAS,MIL,0022500582,regular
2026-01-16,BKN,CHI,0022500587,regular
2026-01-16,HOU,MIN,0022500591,regular
2026-01-16,IND,NOP,0022500588,regular
2026-01-16,PHI,CLE,0022500589,regular
2026-01-16,SAC,WAS,0022500592,regular
2026-01-16,TOR,LAC,0022500590,regular
2026-01-17,ATL,BOS,0022500594,regular
2026-01-17,DAL,UTA,0022500593,regular
2026-01-17,DEN,WAS,0022500600,regular
2026-01-17,DET,IND,0022500595,regular
2026-01-17,GSW,CHA,0022500599,regular
2026-01-17,MIA,OKC,0022500597,regular
2026-01-17,NYK,PHX,0022500596,regular
2026-01-17,POR,LAL,0022500601,regular
2026-01-17,SAS,MIN,0022500598,regular
2026-01-18,CHI,BKN,0022500603,regular
2026-01-18,DEN,CHA,0022500605,regular
2026-01-18,HOU,NOP,0022500604,regular
2026-01-18,LAL,TOR,0022500607,regular
2026-01-18,MEM,ORL,0022500602,regular
2026-01-18,SAC,POR,0022500606,regular
2026-01-19,ATL,MIL,0022500014,regular
2026-01-19,BKN,PHX,0022500610,regular
2026-01-19,CLE,OKC,0022500015,regular
2026-01-19,DET,BOS,0022500017,regular
2026-01-19,GSW,MIA,0022500612,regular
2026-01-19,NYK,DAL,0022500016,regular
2026-01-19,PHI,IND,0022500609,regular
2026-01-19,SAS,UTA,0022500611,regular
2026-01-19,WAS,LAC,0022500608,regular
2026-01-20,CHI,LAC,0022500614,regular
2026-01-20,DEN,LAL,0022500617,regular
2026-01-20,GSW,TOR,0022500618,regular
2026-01-20,HOU,SAS,0022500615,regular
2026-01-20,PHI,PHX,0022500613,regular
2026-01-20,SAC,MIA,0022500619,regular
2026-01-20,UTA,MIN,0022500616,regular
2026-01-21,BOS,IND,0022500621,regular
2026-01-21,CHA,CLE,0022500620,regular
2026-01-21,MEM,ATL,0022500623,regular
2026-01-21,MIL,OKC,0022500625,regular
2026-01-21,NOP,DET,0022500624,regular
2026-01-21,NYK,BKN,0022500622,regular
2026-01-21,SAC,TOR,0022500626,regular
2026-01-22,DAL,GSW,0022500630,regular
2026-01-22,LAC,LAL,0022500633,regular
2026-01-22,MIN,CHI,0022500631,regular
2026-01-22,ORL,CHA,0022500627,regular
2026-01-22,PHI,HOU,0022500628,regular
2026-01-22,POR,MIA,0022500634,regular
2026-01-22,UTA,SAS,0022500632,regular
2026-01-22,WAS,DEN,0022500629,regular
2026-01-23,ATL,PHX,0022500636,regular
2026-01-23,BKN,BOS,0022500637,regular
2026-01-23,CLE,SAC,0022500638,regular
2026-01-23,DET,HOU,0022500635,regular
2026-01-23,MEM,NOP,0022500639,regular
2026-01-23,MIL,DEN,0022500640,regular
2026-01-23,OKC,IND,0022500641,regular
2026-01-23,POR,TOR,0022500642,regular
2026-01-24,CHA,WAS,0022500645,regular
2026-01-24,CHI,BOS,0022500647,regular
2026-01-24,DAL,LAL,0022500648,regular
2026-01-24,ORL,CLE,0022500646,regular
2026-01-24,PHI,NYK,0022500643,regular
2026-01-24,UTA,MIA,0022500649,regular
2026-01-25,DET,SAC,0022500650,regular
2026-01-25,LAC,BKN,0022500656,regular
2026-01-25,MIN,GSW,0022500644,regular
2026-01-25,OKC,TOR,0022500653,regular
2026-01-25,PHX,MIA,0022500655,regular
2026-01-25,SAS,NOP,0022500654,regular
2026-01-26,ATL,IND,0022500659,regular
2026-01-26,BOS,POR,0022500660,regular
2026-01-26,CHA,PHI,0022500657,regular
2026-01-26,CHI,LAL,0022500661,regular
2026-01-26,CLE,ORL,0022500658,regular
2026-01-26,HOU,MEM,0022500662,regular
2026-01-26,MIN,GSW,0022500663,regular
2026-01-27,DEN,DET,0022500668,regular
2026-01-27,NYK,SAC,0022500665,regular
2026-01-27,OKC,NOP,0022500667,regular
2026-01-27,PHI,MIL,0022500666,regular
2026-01-27,PHX,BKN,0022500669,regular
2026-01-27,UTA,LAC,0022500670,regular
2026-01-27,WAS,POR,0022500664,regular
2026-01-28,BOS,ATL,0022500673,regular
2026-01-28,CLE,LAL,0022500671,regular
2026-01-28,DAL,MIN,0022500677,regular
2026-01-28,HOU,SAS,0022500679,regular
2026-01-28,IND,CHI,0022500672,regular
2026-01-28,MEM,CHA,0022500676,regular
2026-01-28,MIA,ORL,0022500674,regular
2026-01-28,TOR,NYK,0022500675,regular
2026-01-28,UTA,GSW,0022500678,regular
2026-01-29,ATL,HOU,0022500682,regular
2026-01-29,CHI,MIA,0022500529,regular
2026-01-29,DAL,CHA,0022500683,regular
2026-01-29,DEN,BKN,0022500684,regular
2026-01-29,MIN,OKC,0022500686,regular
2026-01-29,PHI,SAC,0022500680,regular
2026-01-29,PHX,DET,0022500685,regular
2026-01-29,WAS,MIL,0022500681,regular
2026-01-30,BOS,SAC,0022500689,regular
2026-01-30,DEN,LAC,0022500695,regular
2026-01-30,GSW,DET,0022500696,regular
2026-01-30,NOP,MEM,0022500691,regular
2026-01-30,NYK,POR,0022500690,regular
2026-01-30,ORL,TOR,0022500687,regular
2026-01-30,PHX,CLE,0022500693,regular
2026-01-30,UTA,BKN,0022500694,regular
2026-01-30,WAS,LAL,0022500688,regular
2026-01-31,CHA,SAS,0022500697,regular
2026-01-31,HOU,DAL,0022500701,regular
2026-01-31,IND,ATL,0022500698,regular
2026-01-31,MEM,MIN,0022500700,regular
2026-01-31,MIA,CHI,0022500692,regular
2026-01-31,PHI,NOP,0022500699,regular
2026-02-01,BOS,MIL,0022500702,regular
2026-02-01,DEN,OKC,0022500711,regular
2026-02-01,DET,BKN,0022500704,regular
2026-02-01,MIA,CHI,0022500705,regular
2026-02-01,NYK,LAL,0022500708,regular
2026-02-01,PHX,LAC,0022500709,regular
2026-02-01,POR,CLE,0022500710,regular
2026-02-01,SAS,ORL,0022500703,regular
2026-02-01,TOR,UTA,0022500706,regular
2026-02-01,WAS,SAC,0022500707,regular
2026-02-02,CHA,NOP,0022500712,regular
2026-02-02,IND,HOU,0022500713,regular
2026-02-02,LAC,PHI,0022500715,regular
2026-02-02,MEM,MIN,0022500714,regular
2026-02-03,BKN,LAL,0022500719,regular
2026-02-03,DAL,BOS,0022500721,regular
2026-02-03,DET,DEN,0022500716,regular
2026-02-03,GSW,PHI,0022500724,regular
2026-02-03,IND,UTA,0022500717,regular
2026-02-03,MIA,ATL,0022500720,regular
2026-02-03,MIL,CHI,0022500722,regular
2026-02-03,OKC,ORL,0022500723,regular
2026-02-03,POR,PHX,0022500725,regular
2026-02-03,WAS,NYK,0022500718,regular
2026-02-04,HOU,BOS,0022500728,regular
2026-02-04,LAC,CLE,0022500732,regular
2026-02-04,MIL,NOP,0022500729,regular
2026-02-04,NYK,DEN,0022500726,regular
2026-02-04,SAC,MEM,0022500731,regular
2026-02-04,SAS,OKC,0022500730,regular
2026-02-04,TOR,MIN,0022500727,regular
2026-02-05,ATL,UTA,0022500735,regular
2026-02-05,DAL,SAS,0022500738,regular
2026-02-05,DET,WAS,0022500733,regular
2026-02-05,HOU,CHA,0022500737,regular
2026-02-05,LAL,PHI,0022500740,regular
2026-02-05,ORL,BKN,0022500734,regular
2026-02-05,PHX,GSW,0022500739,regular
2026-02-05,TOR,CHI,0022500736,regular
2026-02-06,BOS,MIA,0022500741,regular
2026-02-06,DET,NYK,0022500742,regular
2026-02-06,MIL,IND,0022500743,regular
2026-02-06,MIN,NOP,0022500744,regular
2026-02-06,POR,MEM,0022500745,regular
2026-02-06,SAC,LAC,0022500746,regular
2026-02-07,ATL,CHA,0022500751,regular
2026-02-07,BKN,WAS,0022500747,regular
2026-02-07,CHI,DEN,0022500752,regular
2026-02-07,LAL,GSW,0022500753,regular
2026-02-07,OKC,HOU,0022500748,regular
2026-02-07,ORL,UTA,0022500750,regular
2026-02-07,PHX,PHI,0022500754,regular
2026-02-07,POR,MEM,0022500755,regular
2026-02-07,SAC,CLE,0022500756,regular
2026-02-07,SAS,DAL,0022500749,regular
2026-02-08,BOS,NYK,0022500757,regular
2026-02-08,MIN,LAC,0022500760,regular
2026-02-08,TOR,IND,0022500759,regular
2026-02-08,WAS,MIA,0022500758,regular
2026-02-09,BKN,CHI,0022500762,regular
2026-02-09,CHA,DET,0022500761,regular
2026-02-09,DEN,CLE,0022500767,regular
2026-02-09,GSW,MEM,0022500768,regular
2026-02-09,LAL,OKC,0022500769,regular
2026-02-09,MIA,UTA,0022500763,regular
2026-02-09,MIN,ATL,0022500765,regular
2026-02-09,NOP,SAC,0022500766,regular
2026-02-09,ORL,MIL,0022500764,regular
2026-02-09,POR,PHI,0022500770,regular
2026-02-10,HOU,LAC,0022500772,regular
2026-02-10,LAL,SAS,0022500774,regular
2026-02-10,NYK,IND,0022500771,regular
2026-02-10,PHX,DAL,0022500773,regular
2026-02-11,BKN,IND,0022500779,regular
2026-02-11,BOS,CHI,0022500778,regular
2026-02-11,CHA,ATL,0022500775,regular
2026-02-11,CLE,WAS,0022500776,regular
2026-02-11,DEN,MEM,0022500787,regular
2026-02-11,GSW,SAS,0022500788,regular
2026-02-11,HOU,LAC,0022500782,regular
2026-02-11,MIN,POR,0022500783,regular
2026-02-11,NOP,MIA,0022500784,regular
2026-02-11,ORL,MIL,0022500777,regular
2026-02-11,PHI,NYK,0022500780,regular
2026-02-11,PHX,OKC,0022500785,regular
2026-02-11,TOR,DET,0022500781,regular
2026-02-11,UTA,SAC,0022500786,regular
2026-02-12,LAL,DAL,0022500791,regular
2026-02-12,OKC,MIL,0022500789,regular
2026-02-12,UTA,POR,0022500790,regular
2026-02-19,CHA,HOU,0022500792,regular
2026-02-19,CHI,TOR,0022500797,regular
2026-02-19,CLE,BKN,0022500793,regular
2026-02-19,GSW,BOS,0022500799,regular
2026-02-19,LAC,DEN,0022500801,regular
2026-02-19,NYK,DET,0022500796,regular
2026-02-19,PHI,ATL,0022500794,regular
2026-02-19,SAC,ORL,0022500800,regular
2026-02-19,SAS,PHX,0022500798,regular
2026-02-19,WAS,IND,0022500795,regular
2026-02-20,ATL,MIA,0022500805,regular
2026-02-20,CHA,CLE,0022500802,regular
2026-02-20,LAL,LAC,0022500809,regular
2026-02-20,MEM,UTA,0022500804,regular
2026-02-20,MIN,DAL,0022500806,regular
2026-02-20,NOP,MIL,0022500807,regular
2026-02-20,OKC,BKN,0022500808,regular
2026-02-20,POR,DEN,0022500810,regular
2026-02-20,WAS,IND,0022500803,regular
2026-02-21,CHI,DET,0022500814,regular
2026-02-21,MIA,MEM,0022500813,regular
2026-02-21,NOP,PHI,0022500812,regular
2026-02-21,NYK,HOU,0022500816,regular
2026-02-21,PHX,ORL,0022500811,regular
2026-02-21,SAS,SAC,0022500815,regular
2026-02-22,ATL,BKN,0022500818,regular
2026-02-22,CHI,NYK,0022500825,regular
2026-02-22,GSW,DEN,0022500820,regular
2026-02-22,IND,DAL,0022500821,regular
2026-02-22,LAC,ORL,0022500827,regular
2026-02-22,LAL,BOS,0022500823,regular
2026-02-22,MIL,TOR,0022500819,regular
2026-02-22,MIN,PHI,0022500824,regular
2026-02-22,OKC,CLE,0022500817,regular
2026-02-22,PHX,POR,0022500826,regular
2026-02-22,WAS,CHA,0022500822,regular
2026-02-23,DET,SAS,0022500828,regular
2026-02-23,HOU,UTA,0022500830,regular
2026-02-23,MEM,SAC,0022500829,regular
2026-02-24,ATL,WAS,0022500832,regular
2026-02-24,BKN,DAL,0022500833,regular
2026-02-24,CHI,CHA,0022500836,regular
2026-02-24,CLE,NYK,0022500835,regular
2026-02-24,IND,PHI,0022500831,regular
2026-02-24,LAL,ORL,0022500840,regular
2026-02-24,MIL,MIA,0022500837,regular
2026-02-24,NOP,GSW,0022500838,regular
2026-02-24,PHX,BOS,0022500839,regular
2026-02-24,POR,MIN,0022500841,regular
2026-02-24,TOR,OKC,0022500834,regular
2026-02-25,DEN,BOS,0022500847,regular
2026-02-25,DET,OKC,0022500842,regular
2026-02-25,HOU,SAC,0022500845,regular
2026-02-25,MEM,GSW,0022500844,regular
2026-02-25,MIL,CLE,0022500846,regular
2026-02-25,TOR,SAS,0022500843,regular
2026-02-26,ATL,WAS,0022500850,regular
2026-02-26,BKN,SAS,0022500851,regular
2026-02-26,CHI,POR,0022500853,regular
2026-02-26,DAL,SAC,0022500854,regular
2026-02-26,IND,CHA,0022500848,regular
2026-02-26,LAC,MIN,0022500857,regular
2026-02-26,ORL,HOU,0022500852,regular
2026-02-26,PHI,MIA,0022500849,regular
2026-02-26,PHX,LAL,0022500855,regular
2026-02-26,UTA,NOP,0022500856,regular
2026-02-27,BOS,BKN,0022500859,regular
2026-02-27,DAL,MEM,0022500861,regular
2026-02-27,DET,CLE,0022500858,regular
2026-02-27,MIL,NYK,0022500860,regular
2026-02-27,OKC,DEN,0022500862,regular
2026-02-28,CHA,POR,0022500863,regular
2026-02-28,GSW,LAL,0022500866,regular
2026-02-28,MIA,HOU,0022500864,regular
2026-02-28,UTA,NOP,0022500867,regular
2026-02-28,WAS,TOR,0022500865,regular
2026-03-01,ATL,POR,0022500873,regular
2026-03-01,BKN,CLE,0022500869,regular
2026-03-01,BOS,PHI,0022500874,regular
2026-03-01,CHI,MIL,0022500870,regular
2026-03-01,DAL,OKC,0022500876,regular
2026-03-01,DEN,MIN,0022500871,regular
2026-03-01,IND,MEM,0022500872,regular
2026-03-01,LAC,NOP,0022500877,regular
2026-03-01,LAL,SAC,0022500878,regular
2026-03-01,NYK,SAS,0022500868,regular
2026-03-01,ORL,DET,0022500875,regular
2026-03-02,GSW,LAC,0022500882,regular
2026-03-02,MIL,BOS,0022500880,regular
2026-03-02,UTA,DEN,0022500881,regular
2026-03-02,WAS,HOU,0022500879,regular
2026-03-03,CHA,DAL,0022500883,regular
2026-03-03,CHI,OKC,0022500889,regular
2026-03-03,CLE,DET,0022500884,regular
2026-03-03,LAL,NOP,0022500891,regular
2026-03-03,MIA,BKN,0022500886,regular
2026-03-03,MIN,MEM,0022500890,regular
2026-03-03,ORL,WAS,0022500885,regular
2026-03-03,PHI,SAS,0022500888,regular
2026-03-03,SAC,PHX,0022500892,regular
2026-03-03,TOR,NYK,0022500887,regular
2026-03-04,BOS,CHA,0022500894,regular
2026-03-04,LAC,IND,0022500898,regular
2026-03-04,MEM,POR,0022500896,regular
2026-03-04,MIL,ATL,0022500897,regular
2026-03-04,NYK,OKC,0022500893,regular
2026-03-04,PHI,UTA,0022500895,regular
2026-03-05,DEN,LAL,0022500906,regular
2026-03-05,HOU,GSW,0022500902,regular
2026-03-05,MIA,BKN,0022500901,regular
2026-03-05,MIN,TOR,0022500903,regular
2026-03-05,ORL,DAL,0022500899,regular
2026-03-05,PHX,CHI,0022500905,regular
2026-03-05,SAC,NOP,0022500907,regular
2026-03-05,SAS,DET,0022500904,regular
2026-03-05,WAS,UTA,0022500900,regular
2026-03-06,BOS,DAL,0022500908,regular
2026-03-06,CHA,MIA,0022500909,regular
2026-03-06,DEN,NYK,0022500911,regular
2026-03-06,HOU,POR,0022500910,regular
2026-03-06,LAL,IND,0022500914,regular
2026-03-06,PHX,NOP,0022500912,regular
2026-03-06,SAS,LAC,0022500913,regular
2026-03-07,ATL,PHI,0022500917,regular
2026-03-07,DET,BKN,0022500916,regular
2026-03-07,MEM,LAC,0022500918,regular
2026-03-07,MIL,UTA,0022500919,regular
2026-03-07,MIN,ORL,0022500915,regular
2026-03-07,OKC,GSW,0022500920,regular
2026-03-08,CLE,BOS,0022500921,regular
2026-03-08,LAL,NYK,0022500922,regular
2026-03-08,MIA,DET,0022500923,regular
2026-03-08,MIL,ORL,0022500926,regular
2026-03-08,NOP,WAS,0022500925,regular
2026-03-08,PHX,CHA,0022500928,regular
2026-03-08,POR,IND,0022500929,regular
2026-03-08,SAC,CHI,0022500930,regular
2026-03-08,SAS,HOU,0022500927,regular
2026-03-08,TOR,DAL,0022500924,regular
2026-03-09,BKN,MEM,0022500932,regular
2026-03-09,CLE,PHI,0022500931,regular
2026-03-09,LAC,NYK,0022500935,regular
2026-03-09,OKC,DEN,0022500933,regular
2026-03-09,UTA,GSW,0022500934,regular
2026-03-10,ATL,DAL,0022500939,regular
2026-03-10,BKN,DET,0022500937,regular
2026-03-10,GSW,CHI,0022500943,regular
2026-03-10,HOU,TOR,0022500940,regular
2026-03-10,LAL,MIN,0022500946,regular
2026-03-10,MIA,WAS,0022500938,regular
2026-03-10,MIL,PHX,0022500941,regular
2026-03-10,PHI,MEM,0022500936,regular
2026-03-10,POR,CHA,0022500944,regular
2026-03-10,SAC,IND,0022500945,regular
2026-03-10,SAS,BOS,0022500942,regular
2026-03-11,DEN,HOU,0022500950,regular
2026-03-11,LAC,MIN,0022500952,regular
2026-03-11,NOP,TOR,0022500948,regular
2026-03-11,ORL,CLE,0022500947,regular
2026-03-11,SAC,CHA,0022500951,regular
2026-03-11,UTA,NYK,0022500949,regular
2026-03-12,ATL,BKN,0022500956,regular
2026-03-12,DET,PHI,0022500953,regular
2026-03-12,IND,PHX,0022500954,regular
2026-03-12,LAL,CHI,0022500960,regular
2026-03-12,MEM,DAL,0022501111,regular
2026-03-12,MIA,MIL,0022500957,regular
2026-03-12,OKC,BOS,0022500959,regular
2026-03-12,ORL,WAS,0022500955,regular
2026-03-12,SAS,DEN,0022500958,regular
2026-03-13,DAL,CLE,0022500965,regular
2026-03-13,DET,MEM,0022500961,regular
2026-03-13,GSW,MIN,0022500966,regular
2026-03-13,HOU,NOP,0022500964,regular
2026-03-13,IND,NYK,0022500962,regular
2026-03-13,LAC,CHI,0022500968,regular
2026-03-13,POR,UTA,0022500967,regular
2026-03-13,TOR,PHX,0022500963,regular
2026-03-14,ATL,MIL,0022500970,regular
2026-03-14,BOS,WAS,0022500971,regular
2026-03-14,LAC,SAC,0022500975,regular
2026-03-14,LAL,DEN,0022500974,regular
2026-03-14,MIA,ORL,0022500972,regular
2026-03-14,PHI,BKN,0022500969,regular
2026-03-14,SAS,CHA,0022500973,regular
2026-03-15,CLE,DAL,0022500977,regular
2026-03-15,MIL,IND,0022500979,regular
2026-03-15,NYK,GSW,0022500981,regular
2026-03-15,OKC,MIN,0022500976,regular
2026-03-15,PHI,POR,0022500980,regular
2026-03-15,SAC,UTA,0022500982,regular
2026-03-15,TOR,DET,0022500978,regular
2026-03-16,ATL,ORL,0022500983,regular
2026-03-16,BKN,POR,0022500985,regular
2026-03-16,BOS,PHX,0022500986,regular
2026-03-16,CHI,MEM,0022500987,regular
2026-03-16,HOU,LAL,0022500989,regular
2026-03-16,LAC,SAS,0022500990,regular
2026-03-16,NOP,DAL,0022500988,regular
2026-03-16,WAS,GSW,0022500984,regular
2026-03-17,CHA,MIA,0022500991,regular
2026-03-17,DEN,PHI,0022500997,regular
2026-03-17,MIL,CLE,0022500995,regular
2026-03-17,MIN,PHX,0022500996,regular
2026-03-17,NYK,IND,0022500994,regular
2026-03-17,ORL,OKC,0022500992,regular
2026-03-17,SAC,SAS,0022500998,regular
2026-03-17,WAS,DET,0022500993,regular
2026-03-18,BKN,OKC,0022501000,regular
2026-03-18,BOS,GSW,0022500999,regular
2026-03-18,CHI,TOR,0022501002,regular
2026-03-18,DAL,ATL,0022501006,regular
2026-03-18,HOU,LAL,0022501007,regular
2026-03-18,IND,POR,0022501001,regular
2026-03-18,MEM,DEN,0022500651,regular
2026-03-18,MIN,UTA,0022501004,regular
2026-03-18,NOP,LAC,0022501005,regular
2026-03-19,CHA,ORL,0022501008,regular
2026-03-19,CHI,CLE,0022501011,regular
2026-03-19,MIA,LAL,0022501010,regular
2026-03-19,NOP,LAC,0022501012,regular
2026-03-19,SAC,PHI,0022501015,regular
2026-03-19,SAS,PHX,0022501013,regular
2026-03-19,UTA,MIL,0022501014,regular
2026-03-19,WAS,DET,0022501009,regular
2026-03-20,BKN,NYK,0022501016,regular
2026-03-20,DEN,TOR,0022501021,regular
2026-03-20,DET,GSW,0022501017,regular
2026-03-20,HOU,ATL,0022501018,regular
2026-03-20,MEM,BOS,0022501019,regular
2026-03-20,MIN,POR,0022501020,regular
2026-03-21,ATL,GSW,0022501026,regular
2026-03-21,CHA,MEM,0022501023,regular
2026-03-21,DAL,LAC,0022501029,regular
2026-03-21,HOU,MIA,0022501027,regular
2026-03-21,NOP,CLE,0022501025,regular
2026-03-21,ORL,LAL,0022501024,regular
2026-03-21,PHX,MIL,0022501031,regular
2026-03-21,SAS,IND,0022501028,regular
2026-03-21,UTA,PHI,0022501030,regular
2026-03-21,WAS,OKC,0022501022,regular
2026-03-22,BOS,MIN,0022501035,regular
2026-03-22,DEN,POR,0022501032,regular
2026-03-22,NYK,WAS,0022501034,regular
2026-03-22,PHX,TOR,0022501036,regular
2026-03-22,SAC,BKN,0022501033,regular
2026-03-23,ATL,MEM,0022501037,regular
2026-03-23,CHI,HOU,0022501042,regular
2026-03-23,DAL,GSW,0022501044,regular
2026-03-23,DET,LAL,0022501038,regular
2026-03-23,LAC,MIL,0022501046,regular
2026-03-23,MIA,SAS,0022501041,regular
2026-03-23,ORL,IND,0022501039,regular
2026-03-23,PHI,OKC,0022501040,regular
2026-03-23,POR,BKN,0022501045,regular
2026-03-23,UTA,TOR,0022501043,regular
2026-03-24,CHA,SAC,0022501047,regular
2026-03-24,CLE,ORL,0022501049,regular
2026-03-24,NYK,NOP,0022501048,regular
2026-03-24,PHX,DEN,0022501050,regular
2026-03-25,BOS,OKC,0022501054,regular
2026-03-25,CLE,MIA,0022501055,regular
2026-03-25,DEN,DAL,0022501059,regular
2026-03-25,DET,ATL,0022501051,regular
2026-03-25,GSW,BKN,0022501060,regular
2026-03-25,IND,LAL,0022501052,regular
2026-03-25,LAC,TOR,0022501062,regular
2026-03-25,MEM,SAS,0022501056,regular
2026-03-25,MIN,HOU,0022501058,regular
2026-03-25,PHI,CHI,0022501053,regular
2026-03-25,POR,MIL,0022501061,regular
2026-03-25,UTA,WAS,0022501057,regular
2026-03-26,CHA,NYK,0022501063,regular
2026-03-26,DET,NOP,0022501064,regular
2026-03-26,ORL,SAC,0022501065,regular
2026-03-27,BOS,ATL,0022501067,regular
2026-03-27,CLE,MIA,0022501068,regular
2026-03-27,DEN,UTA,0022501072,regular
2026-03-27,GSW,WAS,0022501073,regular
2026-03-27,IND,LAC,0022501066,regular
2026-03-27,LAL,BKN,0022501075,regular
2026-03-27,MEM,HOU,0022501069,regular
2026-03-27,OKC,CHI,0022501070,regular
2026-03-27,POR,DAL,0022501074,regular
2026-03-27,TOR,NOP,0022501071,regular
2026-03-28,ATL,SAC,0022501078,regular
2026-03-28,CHA,PHI,0022501077,regular
2026-03-28,MEM,CHI,0022501079,regular
2026-03-28,MIL,SAS,0022501076,regular
2026-03-28,MIN,DET,0022501080,regular
2026-03-28,PHX,UTA,0022501081,regular
2026-03-29,BKN,SAC,0022501084,regular
2026-03-29,CHA,BOS,0022501085,regular
2026-03-29,DEN,GSW,0022501090,regular
2026-03-29,IND,MIA,0022501083,regular
2026-03-29,MIL,LAC,0022501082,regular
2026-03-29,NOP,HOU,0022501088,regular
2026-03-29,OKC,NYK,0022501089,regular
2026-03-29,POR,WAS,0022501087,regular
2026-03-29,TOR,ORL,0022501086,regular
2026-03-30,ATL,BOS,0022501092,regular
2026-03-30,DAL,MIN,0022501095,regular
2026-03-30,LAL,WAS,0022501098,regular
2026-03-30,MEM,PHX,0022501093,regular
2026-03-30,MIA,PHI,0022501091,regular
2026-03-30,OKC,DET,0022501097,regular
2026-03-30,SAS,CHI,0022501094,regular
2026-03-30,UTA,CLE,0022501096,regular
2026-03-31,BKN,CHA,0022501100,regular
2026-03-31,DET,TOR,0022501101,regular
2026-03-31,HOU,NYK,0022501102,regular
2026-03-31,LAC,POR,0022501104,regular
2026-03-31,LAL,CLE,0022501103,regular
2026-03-31,MIL,DAL,0022500652,regular
2026-03-31,ORL,PHX,0022501099,regular
2026-04-01,CHI,IND,0022501109,regular
2026-04-01,GSW,SAS,0022501113,regular
2026-04-01,HOU,MIL,0022501110,regular
2026-04-01,MEM,NYK,0022501003,regular
2026-04-01,MIA,BOS,0022501106,regular
2026-04-01,ORL,ATL,0022501107,regular
2026-04-01,TOR,SAC,0022501108,regular
2026-04-01,UTA,DEN,0022501112,regular
2026-04-01,WAS,PHI,0022501105,regular
2026-04-02,CHA,PHX,0022501114,regular
2026-04-02,DET,MIN,0022501115,regular
2026-04-02,GSW,CLE,0022501117,regular
2026-04-02,LAC,SAS,0022501119,regular
2026-04-02,OKC,LAL,0022501116,regular
2026-04-02,POR,NOP,0022501118,regular
2026-04-03,BKN,ATL,0022501122,regular
2026-04-03,CHA,IND,0022501120,regular
2026-04-03,DAL,ORL,0022501127,regular
2026-04-03,HOU,UTA,0022501124,regular
2026-04-03,MEM,TOR,0022501125,regular
2026-04-03,MIL,BOS,0022501126,regular
2026-04-03,NYK,CHI,0022501123,regular
2026-04-03,PHI,MIN,0022501121,regular
2026-04-03,SAC,NOP,0022501128,regular
2026-04-04,DEN,SAS,0022501130,regular
2026-04-04,MIA,WAS,0022501129,regular
2026-04-04,PHI,DET,0022501131,regular
2026-04-05,BKN,WAS,0022501133,regular
2026-04-05,BOS,TOR,0022501132,regular
2026-04-05,CHI,PHX,0022501134,regular
2026-04-05,CLE,IND,0022501136,regular
2026-04-05,DAL,LAL,0022501140,regular
2026-04-05,GSW,HOU,0022501142,regular
2026-04-05,MIL,MEM,0022501135,regular
2026-04-05,MIN,CHA,0022501137,regular
2026-04-05,NOP,ORL,0022501138,regular
2026-04-05,OKC,UTA,0022501139,regular
2026-04-05,SAC,LAC,0022501141,regular
2026-04-06,ATL,NYK,0022501143,regular
2026-04-06,DEN,POR,0022501147,regular
2026-04-06,MEM,CLE,0022501145,regular
2026-04-06,ORL,DET,0022501144,regular
2026-04-06,SAS,PHI,0022501146,regular
2026-04-07,BKN,MIL,0022501150,regular
2026-04-07,BOS,CHA,0022501149,regular
2026-04-07,GSW,SAC,0022501154,regular
2026-04-07,IND,MIN,0022501152,regular
2026-04-07,LAC,DAL,0022501156,regular
2026-04-07,LAL,OKC,0022501155,regular
2026-04-07,NOP,UTA,0022501153,regular
2026-04-07,PHX,HOU,0022501157,regular
2026-04-07,TOR,MIA,0022501151,regular
2026-04-07,WAS,CHI,0022501148,regular
2026-04-08,CLE,ATL,0022501158,regular
2026-04-08,DEN,MEM,0022501162,regular
2026-04-08,DET,MIL,0022501160,regular
2026-04-08,LAC,OKC,0022501163,regular
2026-04-08,ORL,MIN,0022501159,regular
2026-04-08,PHX,DAL,0022501164,regular
2026-04-08,SAS,POR,0022501161,regular
2026-04-09,BKN,IND,0022501167,regular
2026-04-09,GSW,LAL,0022501170,regular
2026-04-09,HOU,PHI,0022501169,regular
2026-04-09,NYK,BOS,0022501168,regular
2026-04-09,TOR,MIA,0022501165,regular
2026-04-09,WAS,CHI,0022501166,regular
2026-04-10,ATL,CLE,0022501173,regular
2026-04-10,BOS,NOP,0022501174,regular
2026-04-10,CHA,DET,0022501171,regular
2026-04-10,CHI,ORL,0022501177,regular
2026-04-10,DEN,OKC,0022501182,regular
2026-04-10,HOU,MIN,0022501178,regular
2026-04-10,IND,PHI,0022501175,regular
2026-04-10,LAL,PHX,0022501185,regular
2026-04-10,MIL,BKN,0022501179,regular
2026-04-10,NYK,TOR,0022501176,regular
2026-04-10,POR,LAC,0022501183,regular
2026-04-10,SAC,GSW,0022501184,regular
2026-04-10,SAS,DAL,0022501180,regular
2026-04-10,UTA,MEM,0022501181,regular
2026-04-10,WAS,MIA,0022501172,regular
2026-04-12,BOS,ORL,0022501186,regular
2026-04-12,CLE,WAS,0022501187,regular
2026-04-12,DAL,CHI,0022501193,regular
2026-04-12,HOU,MEM,0022501194,regular
2026-04-12,IND,DET,0022501188,regular
2026-04-12,LAC,GSW,0022501199,regular
2026-04-12,LAL,UTA,0022501198,regular
2026-04-12,MIA,ATL,0022501189,regular
2026-04-12,MIN,NOP,0022501195,regular
2026-04-12,NYK,CHA,0022501190,regular
2026-04-12,OKC,PHX,0022501196,regular
2026-04-12,PHI,MIL,0022501191,regular
2026-04-12,POR,SAC,0022501200,regular
2026-04-12,SAS,DEN,0022501197,regular
2026-04-12,TOR,BKN,0022501192,regular
